-- V3: seed data (200+ rows)

INSERT INTO sellers (id, name, contact_email, phone, address, business_no, bank_name, bank_account_masked, commission_bps, status)
VALUES
(1, 'Seller Store 1', 'store1@example.com', '010-3000-0001', 'Seoul 1', '123-45-10001', 'KBank', '***-**-*****-1001', 510, 'active'),
(2, 'Seller Store 2', 'store2@example.com', '010-3000-0002', 'Seoul 2', '123-45-10002', 'KBank', '***-**-*****-1002', 520, 'active'),
(3, 'Seller Store 3', 'store3@example.com', '010-3000-0003', 'Seoul 3', '123-45-10003', 'KBank', '***-**-*****-1003', 530, 'active'),
(4, 'Seller Store 4', 'store4@example.com', '010-3000-0004', 'Seoul 4', '123-45-10004', 'KBank', '***-**-*****-1004', 540, 'active'),
(5, 'Seller Store 5', 'store5@example.com', '010-3000-0005', 'Seoul 5', '123-45-10005', 'KBank', '***-**-*****-1005', 550, 'active');

INSERT INTO users (id, email, password, name, address, region, phone, gender, birthdate, role, seller_id)
VALUES
(1, 'admin@example.com', '$2b$10$XF/7AT6rvhcdRgsQwoe69.MESA/mWIxZ1qAtvjSpMLUPu/Qg.l.BG', 'Admin', 'Seoul', 'KR-11', '010-0000-0000', 'unknown', NULL, 'admin', NULL),

-- 판매자 계정(로그인용). 일반 유저(id=4~23)와 충돌하지 않도록 id를 분리함
(2, 'seller1@example.com', '$2b$10$XF/7AT6rvhcdRgsQwoe69.MESA/mWIxZ1qAtvjSpMLUPu/Qg.l.BG', 'Seller1', 'Seoul', 'KR-11', '010-1000-0001', 'unknown', NULL, 'seller', 1),
(3, 'seller2@example.com', '$2b$10$XF/7AT6rvhcdRgsQwoe69.MESA/mWIxZ1qAtvjSpMLUPu/Qg.l.BG', 'Seller2', 'Seoul', 'KR-11', '010-1000-0002', 'unknown', NULL, 'seller', 2),
(24, 'seller3@example.com', '$2b$10$XF/7AT6rvhcdRgsQwoe69.MESA/mWIxZ1qAtvjSpMLUPu/Qg.l.BG', 'Seller3', 'Seoul', 'KR-11', '010-1000-0003', 'unknown', NULL, 'seller', 3),
(25, 'seller4@example.com', '$2b$10$XF/7AT6rvhcdRgsQwoe69.MESA/mWIxZ1qAtvjSpMLUPu/Qg.l.BG', 'Seller4', 'Seoul', 'KR-11', '010-1000-0004', 'unknown', NULL, 'seller', 4),
(26, 'seller5@example.com', '$2b$10$XF/7AT6rvhcdRgsQwoe69.MESA/mWIxZ1qAtvjSpMLUPu/Qg.l.BG', 'Seller5', 'Seoul', 'KR-11', '010-1000-0005', 'unknown', NULL, 'seller', 5),

-- 일반 유저(리뷰/댓글/장바구니/주문 테스트용)
(4, 'user1@example.com', '$2b$10$XF/7AT6rvhcdRgsQwoe69.MESA/mWIxZ1qAtvjSpMLUPu/Qg.l.BG', 'User1', 'Seoul', 'KR-11', '010-2000-0004', 'unknown', NULL, 'user', NULL),
(5, 'user2@example.com', '$2b$10$XF/7AT6rvhcdRgsQwoe69.MESA/mWIxZ1qAtvjSpMLUPu/Qg.l.BG', 'User2', 'Seoul', 'KR-26', '010-2000-0005', 'unknown', NULL, 'user', NULL),
(6, 'user3@example.com', '$2b$10$XF/7AT6rvhcdRgsQwoe69.MESA/mWIxZ1qAtvjSpMLUPu/Qg.l.BG', 'User3', 'Seoul', 'KR-27', '010-2000-0006', 'unknown', NULL, 'user', NULL),
(7, 'user4@example.com', '$2b$10$XF/7AT6rvhcdRgsQwoe69.MESA/mWIxZ1qAtvjSpMLUPu/Qg.l.BG', 'User4', 'Seoul', 'KR-28', '010-2000-0007', 'unknown', NULL, 'user', NULL),
(8, 'user5@example.com', '$2b$10$XF/7AT6rvhcdRgsQwoe69.MESA/mWIxZ1qAtvjSpMLUPu/Qg.l.BG', 'User5', 'Seoul', 'KR-29', '010-2000-0008', 'unknown', NULL, 'user', NULL),
(9, 'user6@example.com', '$2b$10$XF/7AT6rvhcdRgsQwoe69.MESA/mWIxZ1qAtvjSpMLUPu/Qg.l.BG', 'User6', 'Seoul', 'KR-30', '010-2000-0009', 'unknown', NULL, 'user', NULL),
(10, 'user7@example.com', '$2b$10$XF/7AT6rvhcdRgsQwoe69.MESA/mWIxZ1qAtvjSpMLUPu/Qg.l.BG', 'User7', 'Seoul', 'KR-31', '010-2000-0010', 'unknown', NULL, 'user', NULL),
(11, 'user8@example.com', '$2b$10$XF/7AT6rvhcdRgsQwoe69.MESA/mWIxZ1qAtvjSpMLUPu/Qg.l.BG', 'User8', 'Seoul', 'KR-11', '010-2000-0011', 'unknown', NULL, 'user', NULL),
(12, 'user9@example.com', '$2b$10$XF/7AT6rvhcdRgsQwoe69.MESA/mWIxZ1qAtvjSpMLUPu/Qg.l.BG', 'User9', 'Seoul', 'KR-26', '010-2000-0012', 'unknown', NULL, 'user', NULL),
(13, 'user10@example.com', '$2b$10$XF/7AT6rvhcdRgsQwoe69.MESA/mWIxZ1qAtvjSpMLUPu/Qg.l.BG', 'User10', 'Seoul', 'KR-27', '010-2000-0013', 'unknown', NULL, 'user', NULL),
(14, 'user11@example.com', '$2b$10$XF/7AT6rvhcdRgsQwoe69.MESA/mWIxZ1qAtvjSpMLUPu/Qg.l.BG', 'User11', 'Seoul', 'KR-28', '010-2000-0014', 'unknown', NULL, 'user', NULL),
(15, 'user12@example.com', '$2b$10$XF/7AT6rvhcdRgsQwoe69.MESA/mWIxZ1qAtvjSpMLUPu/Qg.l.BG', 'User12', 'Seoul', 'KR-29', '010-2000-0015', 'unknown', NULL, 'user', NULL),
(16, 'user13@example.com', '$2b$10$XF/7AT6rvhcdRgsQwoe69.MESA/mWIxZ1qAtvjSpMLUPu/Qg.l.BG', 'User13', 'Seoul', 'KR-30', '010-2000-0016', 'unknown', NULL, 'user', NULL),
(17, 'user14@example.com', '$2b$10$XF/7AT6rvhcdRgsQwoe69.MESA/mWIxZ1qAtvjSpMLUPu/Qg.l.BG', 'User14', 'Seoul', 'KR-31', '010-2000-0017', 'unknown', NULL, 'user', NULL),
(18, 'user15@example.com', '$2b$10$XF/7AT6rvhcdRgsQwoe69.MESA/mWIxZ1qAtvjSpMLUPu/Qg.l.BG', 'User15', 'Seoul', 'KR-11', '010-2000-0018', 'unknown', NULL, 'user', NULL),
(19, 'user16@example.com', '$2b$10$XF/7AT6rvhcdRgsQwoe69.MESA/mWIxZ1qAtvjSpMLUPu/Qg.l.BG', 'User16', 'Seoul', 'KR-26', '010-2000-0019', 'unknown', NULL, 'user', NULL),
(20, 'user17@example.com', '$2b$10$XF/7AT6rvhcdRgsQwoe69.MESA/mWIxZ1qAtvjSpMLUPu/Qg.l.BG', 'User17', 'Seoul', 'KR-27', '010-2000-0020', 'unknown', NULL, 'user', NULL),
(21, 'user18@example.com', '$2b$10$XF/7AT6rvhcdRgsQwoe69.MESA/mWIxZ1qAtvjSpMLUPu/Qg.l.BG', 'User18', 'Seoul', 'KR-28', '010-2000-0021', 'unknown', NULL, 'user', NULL),
(22, 'user19@example.com', '$2b$10$XF/7AT6rvhcdRgsQwoe69.MESA/mWIxZ1qAtvjSpMLUPu/Qg.l.BG', 'User19', 'Seoul', 'KR-29', '010-2000-0022', 'unknown', NULL, 'user', NULL),
(23, 'user20@example.com', '$2b$10$XF/7AT6rvhcdRgsQwoe69.MESA/mWIxZ1qAtvjSpMLUPu/Qg.l.BG', 'User20', 'Seoul', 'KR-30', '010-2000-0023', 'unknown', NULL, 'user', NULL);

INSERT INTO authors (id, name)
VALUES
(1, 'Author 1'),
(2, 'Author 2'),
(3, 'Author 3'),
(4, 'Author 4'),
(5, 'Author 5'),
(6, 'Author 6'),
(7, 'Author 7'),
(8, 'Author 8'),
(9, 'Author 9'),
(10, 'Author 10'),
(11, 'Author 11'),
(12, 'Author 12'),
(13, 'Author 13'),
(14, 'Author 14'),
(15, 'Author 15'),
(16, 'Author 16'),
(17, 'Author 17'),
(18, 'Author 18'),
(19, 'Author 19'),
(20, 'Author 20'),
(21, 'Author 21'),
(22, 'Author 22'),
(23, 'Author 23'),
(24, 'Author 24'),
(25, 'Author 25'),
(26, 'Author 26'),
(27, 'Author 27'),
(28, 'Author 28'),
(29, 'Author 29'),
(30, 'Author 30');

INSERT INTO categories (id, name)
VALUES
(1, 'Category 1'),
(2, 'Category 2'),
(3, 'Category 3'),
(4, 'Category 4'),
(5, 'Category 5'),
(6, 'Category 6'),
(7, 'Category 7'),
(8, 'Category 8'),
(9, 'Category 9'),
(10, 'Category 10'),
(11, 'Category 11'),
(12, 'Category 12'),
(13, 'Category 13'),
(14, 'Category 14'),
(15, 'Category 15');

INSERT INTO books (id, seller_id, title, price_cents, stock, average_rating, ratings_count)
VALUES
(1, 1, 'Book Title 1', 1090, 6, NULL, 0),
(2, 2, 'Book Title 2', 1190, 7, NULL, 0),
(3, 3, 'Book Title 3', 1290, 8, NULL, 0),
(4, 4, 'Book Title 4', 1390, 9, NULL, 0),
(5, 5, 'Book Title 5', 1490, 10, NULL, 0),
(6, 1, 'Book Title 6', 1590, 11, NULL, 0),
(7, 2, 'Book Title 7', 1690, 12, NULL, 0),
(8, 3, 'Book Title 8', 1790, 13, NULL, 0),
(9, 4, 'Book Title 9', 1890, 14, NULL, 0),
(10, 5, 'Book Title 10', 1990, 15, NULL, 0),
(11, 1, 'Book Title 11', 2090, 16, NULL, 0),
(12, 2, 'Book Title 12', 2190, 17, NULL, 0),
(13, 3, 'Book Title 13', 2290, 18, NULL, 0),
(14, 4, 'Book Title 14', 2390, 19, NULL, 0),
(15, 5, 'Book Title 15', 2490, 20, NULL, 0),
(16, 1, 'Book Title 16', 2590, 21, NULL, 0),
(17, 2, 'Book Title 17', 2690, 22, NULL, 0),
(18, 3, 'Book Title 18', 2790, 23, NULL, 0),
(19, 4, 'Book Title 19', 2890, 24, NULL, 0),
(20, 5, 'Book Title 20', 2990, 25, NULL, 0),
(21, 1, 'Book Title 21', 3090, 26, NULL, 0),
(22, 2, 'Book Title 22', 3190, 27, NULL, 0),
(23, 3, 'Book Title 23', 3290, 28, NULL, 0),
(24, 4, 'Book Title 24', 3390, 29, NULL, 0),
(25, 5, 'Book Title 25', 3490, 30, NULL, 0),
(26, 1, 'Book Title 26', 3590, 31, NULL, 0),
(27, 2, 'Book Title 27', 3690, 32, NULL, 0),
(28, 3, 'Book Title 28', 3790, 33, NULL, 0),
(29, 4, 'Book Title 29', 3890, 34, NULL, 0),
(30, 5, 'Book Title 30', 3990, 5, NULL, 0),
(31, 1, 'Book Title 31', 4090, 6, NULL, 0),
(32, 2, 'Book Title 32', 4190, 7, NULL, 0),
(33, 3, 'Book Title 33', 4290, 8, NULL, 0),
(34, 4, 'Book Title 34', 4390, 9, NULL, 0),
(35, 5, 'Book Title 35', 4490, 10, NULL, 0),
(36, 1, 'Book Title 36', 4590, 11, NULL, 0),
(37, 2, 'Book Title 37', 4690, 12, NULL, 0),
(38, 3, 'Book Title 38', 4790, 13, NULL, 0),
(39, 4, 'Book Title 39', 4890, 14, NULL, 0),
(40, 5, 'Book Title 40', 4990, 15, NULL, 0),
(41, 1, 'Book Title 41', 5090, 16, NULL, 0),
(42, 2, 'Book Title 42', 5190, 17, NULL, 0),
(43, 3, 'Book Title 43', 5290, 18, NULL, 0),
(44, 4, 'Book Title 44', 5390, 19, NULL, 0),
(45, 5, 'Book Title 45', 5490, 20, NULL, 0),
(46, 1, 'Book Title 46', 5590, 21, NULL, 0),
(47, 2, 'Book Title 47', 5690, 22, NULL, 0),
(48, 3, 'Book Title 48', 5790, 23, NULL, 0),
(49, 4, 'Book Title 49', 5890, 24, NULL, 0),
(50, 5, 'Book Title 50', 990, 25, NULL, 0),
(51, 1, 'Book Title 51', 1090, 26, NULL, 0),
(52, 2, 'Book Title 52', 1190, 27, NULL, 0),
(53, 3, 'Book Title 53', 1290, 28, NULL, 0),
(54, 4, 'Book Title 54', 1390, 29, NULL, 0),
(55, 5, 'Book Title 55', 1490, 30, NULL, 0),
(56, 1, 'Book Title 56', 1590, 31, NULL, 0),
(57, 2, 'Book Title 57', 1690, 32, NULL, 0),
(58, 3, 'Book Title 58', 1790, 33, NULL, 0),
(59, 4, 'Book Title 59', 1890, 34, NULL, 0),
(60, 5, 'Book Title 60', 1990, 5, NULL, 0),
(61, 1, 'Book Title 61', 2090, 6, NULL, 0),
(62, 2, 'Book Title 62', 2190, 7, NULL, 0),
(63, 3, 'Book Title 63', 2290, 8, NULL, 0),
(64, 4, 'Book Title 64', 2390, 9, NULL, 0),
(65, 5, 'Book Title 65', 2490, 10, NULL, 0),
(66, 1, 'Book Title 66', 2590, 11, NULL, 0),
(67, 2, 'Book Title 67', 2690, 12, NULL, 0),
(68, 3, 'Book Title 68', 2790, 13, NULL, 0),
(69, 4, 'Book Title 69', 2890, 14, NULL, 0),
(70, 5, 'Book Title 70', 2990, 15, NULL, 0),
(71, 1, 'Book Title 71', 3090, 16, NULL, 0),
(72, 2, 'Book Title 72', 3190, 17, NULL, 0),
(73, 3, 'Book Title 73', 3290, 18, NULL, 0),
(74, 4, 'Book Title 74', 3390, 19, NULL, 0),
(75, 5, 'Book Title 75', 3490, 20, NULL, 0),
(76, 1, 'Book Title 76', 3590, 21, NULL, 0),
(77, 2, 'Book Title 77', 3690, 22, NULL, 0),
(78, 3, 'Book Title 78', 3790, 23, NULL, 0),
(79, 4, 'Book Title 79', 3890, 24, NULL, 0),
(80, 5, 'Book Title 80', 3990, 25, NULL, 0);

INSERT INTO book_authors (id, book_id, author_id)
VALUES
(1, 1, 1),
(2, 2, 2),
(3, 3, 3),
(4, 4, 4),
(5, 5, 5),
(6, 6, 6),
(7, 7, 7),
(8, 8, 8),
(9, 9, 9),
(10, 10, 10),
(11, 11, 11),
(12, 12, 12),
(13, 13, 13),
(14, 14, 14),
(15, 15, 15),
(16, 16, 16),
(17, 17, 17),
(18, 18, 18),
(19, 19, 19),
(20, 20, 20),
(21, 21, 21),
(22, 22, 22),
(23, 23, 23),
(24, 24, 24),
(25, 25, 25),
(26, 26, 26),
(27, 27, 27),
(28, 28, 28),
(29, 29, 29),
(30, 30, 30),
(31, 31, 1),
(32, 32, 2),
(33, 33, 3),
(34, 34, 4),
(35, 35, 5),
(36, 36, 6),
(37, 37, 7),
(38, 38, 8),
(39, 39, 9),
(40, 40, 10),
(41, 41, 11),
(42, 42, 12),
(43, 43, 13),
(44, 44, 14),
(45, 45, 15),
(46, 46, 16),
(47, 47, 17),
(48, 48, 18),
(49, 49, 19),
(50, 50, 20),
(51, 51, 21),
(52, 52, 22),
(53, 53, 23),
(54, 54, 24),
(55, 55, 25),
(56, 56, 26),
(57, 57, 27),
(58, 58, 28),
(59, 59, 29),
(60, 60, 30);

INSERT INTO book_categories (id, book_id, category_id)
VALUES
(1, 1, 1),
(2, 2, 2),
(3, 3, 3),
(4, 4, 4),
(5, 5, 5),
(6, 6, 6),
(7, 7, 7),
(8, 8, 8),
(9, 9, 9),
(10, 10, 10),
(11, 11, 11),
(12, 12, 12),
(13, 13, 13),
(14, 14, 14),
(15, 15, 15),
(16, 16, 1),
(17, 17, 2),
(18, 18, 3),
(19, 19, 4),
(20, 20, 5),
(21, 21, 6),
(22, 22, 7),
(23, 23, 8),
(24, 24, 9),
(25, 25, 10),
(26, 26, 11),
(27, 27, 12),
(28, 28, 13),
(29, 29, 14),
(30, 30, 15),
(31, 31, 1),
(32, 32, 2),
(33, 33, 3),
(34, 34, 4),
(35, 35, 5),
(36, 36, 6),
(37, 37, 7),
(38, 38, 8),
(39, 39, 9),
(40, 40, 10),
(41, 41, 11),
(42, 42, 12),
(43, 43, 13),
(44, 44, 14),
(45, 45, 15),
(46, 46, 1),
(47, 47, 2),
(48, 48, 3),
(49, 49, 4),
(50, 50, 5),
(51, 51, 6),
(52, 52, 7),
(53, 53, 8),
(54, 54, 9),
(55, 55, 10),
(56, 56, 11),
(57, 57, 12),
(58, 58, 13),
(59, 59, 14),
(60, 60, 15),
(61, 61, 1),
(62, 62, 2),
(63, 63, 3),
(64, 64, 4),
(65, 65, 5),
(66, 66, 6),
(67, 67, 7),
(68, 68, 8),
(69, 69, 9),
(70, 70, 10),
(71, 71, 11),
(72, 72, 12),
(73, 73, 13),
(74, 74, 14),
(75, 75, 15),
(76, 76, 1),
(77, 77, 2),
(78, 78, 3),
(79, 79, 4),
(80, 80, 5);

-- Orders / Order items (정산/판매자 주문 조회 테스트용)
INSERT INTO orders (id, user_id, status, total_amount_cents, created_at, updated_at)
VALUES
(1, 4, 'paid', 3470, '2025-12-01 10:00:00', '2025-12-01 10:00:00'),
(2, 5, 'shipped', 4170, '2025-12-02 11:00:00', '2025-12-02 11:00:00'),
(3, 6, 'delivered', 6860, '2025-12-03 12:00:00', '2025-12-03 12:00:00'),
(4, 7, 'paid', 3880, '2025-12-04 13:00:00', '2025-12-04 13:00:00'),
(5, 8, 'paid', 4280, '2025-12-05 14:00:00', '2025-12-05 14:00:00'),
(6, 9, 'cancelled', 2290, '2025-12-06 15:00:00', '2025-12-06 15:00:00'),
(7, 10, 'refunded', 4780, '2025-12-07 16:00:00', '2025-12-07 16:00:00'),
(8, 11, 'delivered', 7770, '2025-12-08 17:00:00', '2025-12-08 17:00:00'),
(9, 12, 'paid', 5680, '2025-12-09 18:00:00', '2025-12-09 18:00:00'),
(10, 13, 'shipped', 9070, '2025-12-10 19:00:00', '2025-12-10 19:00:00');

INSERT INTO order_items (id, order_id, book_id, seller_id, quantity, unit_price_cents, subtotal_cents)
VALUES
(1, 1, 1, 1, 1, 1090, 1090),
(2, 1, 2, 2, 2, 1190, 2380),

(3, 2, 3, 3, 1, 1290, 1290),
(4, 2, 4, 4, 1, 1390, 1390),
(5, 2, 5, 5, 1, 1490, 1490),

(6, 3, 6, 1, 1, 1590, 1590),
(7, 3, 7, 2, 1, 1690, 1690),
(8, 3, 8, 3, 2, 1790, 3580),

(9, 4, 10, 5, 1, 1990, 1990),
(10, 4, 9, 4, 1, 1890, 1890),

(11, 5, 11, 1, 1, 2090, 2090),
(12, 5, 12, 2, 1, 2190, 2190),

(13, 6, 13, 3, 1, 2290, 2290),

(14, 7, 14, 4, 2, 2390, 4780),

(15, 8, 15, 5, 1, 2490, 2490),
(16, 8, 16, 1, 1, 2590, 2590),
(17, 8, 17, 2, 1, 2690, 2690),

(18, 9, 18, 3, 1, 2790, 2790),
(19, 9, 19, 4, 1, 2890, 2890),

(20, 10, 20, 5, 2, 2990, 5980),
(21, 10, 21, 1, 1, 3090, 3090);

INSERT INTO reviews (id, user_id, book_id, rating, body, like_count)
VALUES
(1, 4, 1, 2, 'Review body 1', 0),
(2, 5, 2, 3, 'Review body 2', 0),
(3, 6, 3, 4, 'Review body 3', 0),
(4, 7, 4, 5, 'Review body 4', 0),
(5, 8, 5, 1, 'Review body 5', 0),
(6, 9, 6, 2, 'Review body 6', 0),
(7, 10, 7, 3, 'Review body 7', 0),
(8, 11, 8, 4, 'Review body 8', 0),
(9, 12, 9, 5, 'Review body 9', 0),
(10, 13, 10, 1, 'Review body 10', 0),
(11, 14, 11, 2, 'Review body 11', 0),
(12, 15, 12, 3, 'Review body 12', 0),
(13, 16, 13, 4, 'Review body 13', 0),
(14, 17, 14, 5, 'Review body 14', 0),
(15, 18, 15, 1, 'Review body 15', 0),
(16, 19, 16, 2, 'Review body 16', 0),
(17, 20, 17, 3, 'Review body 17', 0),
(18, 21, 18, 4, 'Review body 18', 0),
(19, 22, 19, 5, 'Review body 19', 0),
(20, 23, 20, 1, 'Review body 20', 0),
(21, 4, 21, 2, 'Review body 21', 0),
(22, 5, 22, 3, 'Review body 22', 0),
(23, 6, 23, 4, 'Review body 23', 0),
(24, 7, 24, 5, 'Review body 24', 0),
(25, 8, 25, 1, 'Review body 25', 0),
(26, 9, 26, 2, 'Review body 26', 0),
(27, 10, 27, 3, 'Review body 27', 0),
(28, 11, 28, 4, 'Review body 28', 0),
(29, 12, 29, 5, 'Review body 29', 0),
(30, 13, 30, 1, 'Review body 30', 0),
(31, 14, 31, 2, 'Review body 31', 0),
(32, 15, 32, 3, 'Review body 32', 0),
(33, 16, 33, 4, 'Review body 33', 0),
(34, 17, 34, 5, 'Review body 34', 0),
(35, 18, 35, 1, 'Review body 35', 0),
(36, 19, 36, 2, 'Review body 36', 0),
(37, 20, 37, 3, 'Review body 37', 0),
(38, 21, 38, 4, 'Review body 38', 0),
(39, 22, 39, 5, 'Review body 39', 0),
(40, 23, 40, 1, 'Review body 40', 0),
(41, 4, 41, 2, 'Review body 41', 0),
(42, 5, 42, 3, 'Review body 42', 0),
(43, 6, 43, 4, 'Review body 43', 0),
(44, 7, 44, 5, 'Review body 44', 0),
(45, 8, 45, 1, 'Review body 45', 0),
(46, 9, 46, 2, 'Review body 46', 0),
(47, 10, 47, 3, 'Review body 47', 0),
(48, 11, 48, 4, 'Review body 48', 0),
(49, 12, 49, 5, 'Review body 49', 0),
(50, 13, 50, 1, 'Review body 50', 0),
(51, 14, 51, 2, 'Review body 51', 0),
(52, 15, 52, 3, 'Review body 52', 0),
(53, 16, 53, 4, 'Review body 53', 0),
(54, 17, 54, 5, 'Review body 54', 0),
(55, 18, 55, 1, 'Review body 55', 0),
(56, 19, 56, 2, 'Review body 56', 0),
(57, 20, 57, 3, 'Review body 57', 0),
(58, 21, 58, 4, 'Review body 58', 0),
(59, 22, 59, 5, 'Review body 59', 0),
(60, 23, 60, 1, 'Review body 60', 0),
(61, 4, 61, 2, 'Review body 61', 0),
(62, 5, 62, 3, 'Review body 62', 0),
(63, 6, 63, 4, 'Review body 63', 0),
(64, 7, 64, 5, 'Review body 64', 0),
(65, 8, 65, 1, 'Review body 65', 0),
(66, 9, 66, 2, 'Review body 66', 0),
(67, 10, 67, 3, 'Review body 67', 0),
(68, 11, 68, 4, 'Review body 68', 0),
(69, 12, 69, 5, 'Review body 69', 0),
(70, 13, 70, 1, 'Review body 70', 0),
(71, 14, 71, 2, 'Review body 71', 0),
(72, 15, 72, 3, 'Review body 72', 0),
(73, 16, 73, 4, 'Review body 73', 0),
(74, 17, 74, 5, 'Review body 74', 0),
(75, 18, 75, 1, 'Review body 75', 0),
(76, 19, 76, 2, 'Review body 76', 0),
(77, 20, 77, 3, 'Review body 77', 0),
(78, 21, 78, 4, 'Review body 78', 0),
(79, 22, 79, 5, 'Review body 79', 0),
(80, 23, 80, 1, 'Review body 80', 0);

INSERT INTO comments (id, review_id, user_id, body, like_count)
VALUES
(1, 1, 4, 'Comment body 1', 0),
(2, 2, 5, 'Comment body 2', 0),
(3, 3, 6, 'Comment body 3', 0),
(4, 4, 7, 'Comment body 4', 0),
(5, 5, 8, 'Comment body 5', 0),
(6, 6, 9, 'Comment body 6', 0),
(7, 7, 10, 'Comment body 7', 0),
(8, 8, 11, 'Comment body 8', 0),
(9, 9, 12, 'Comment body 9', 0),
(10, 10, 13, 'Comment body 10', 0),
(11, 11, 14, 'Comment body 11', 0),
(12, 12, 15, 'Comment body 12', 0),
(13, 13, 16, 'Comment body 13', 0),
(14, 14, 17, 'Comment body 14', 0),
(15, 15, 18, 'Comment body 15', 0),
(16, 16, 19, 'Comment body 16', 0),
(17, 17, 20, 'Comment body 17', 0),
(18, 18, 21, 'Comment body 18', 0),
(19, 19, 22, 'Comment body 19', 0),
(20, 20, 23, 'Comment body 20', 0),
(21, 21, 4, 'Comment body 21', 0),
(22, 22, 5, 'Comment body 22', 0),
(23, 23, 6, 'Comment body 23', 0),
(24, 24, 7, 'Comment body 24', 0),
(25, 25, 8, 'Comment body 25', 0),
(26, 26, 9, 'Comment body 26', 0),
(27, 27, 10, 'Comment body 27', 0),
(28, 28, 11, 'Comment body 28', 0),
(29, 29, 12, 'Comment body 29', 0),
(30, 30, 13, 'Comment body 30', 0),
(31, 31, 14, 'Comment body 31', 0),
(32, 32, 15, 'Comment body 32', 0),
(33, 33, 16, 'Comment body 33', 0),
(34, 34, 17, 'Comment body 34', 0),
(35, 35, 18, 'Comment body 35', 0),
(36, 36, 19, 'Comment body 36', 0),
(37, 37, 20, 'Comment body 37', 0),
(38, 38, 21, 'Comment body 38', 0),
(39, 39, 22, 'Comment body 39', 0),
(40, 40, 23, 'Comment body 40', 0),
(41, 41, 4, 'Comment body 41', 0),
(42, 42, 5, 'Comment body 42', 0),
(43, 43, 6, 'Comment body 43', 0),
(44, 44, 7, 'Comment body 44', 0),
(45, 45, 8, 'Comment body 45', 0),
(46, 46, 9, 'Comment body 46', 0),
(47, 47, 10, 'Comment body 47', 0),
(48, 48, 11, 'Comment body 48', 0),
(49, 49, 12, 'Comment body 49', 0),
(50, 50, 13, 'Comment body 50', 0),
(51, 51, 14, 'Comment body 51', 0),
(52, 52, 15, 'Comment body 52', 0),
(53, 53, 16, 'Comment body 53', 0),
(54, 54, 17, 'Comment body 54', 0),
(55, 55, 18, 'Comment body 55', 0),
(56, 56, 19, 'Comment body 56', 0),
(57, 57, 20, 'Comment body 57', 0),
(58, 58, 21, 'Comment body 58', 0),
(59, 59, 22, 'Comment body 59', 0),
(60, 60, 23, 'Comment body 60', 0);
